orange_1.jpg,88,123,225,282,orange
orange_1.jpg,79,48,215,187,orange
orange_1.jpg,422,118,554,263,orange
orange_1.jpg,447,53,596,183,orange
orange_1.jpg,315,75,458,219,orange
orange_1.jpg,240,127,391,269,orange
orange_1.jpg,176,32,309,158,orange
orange_10.jpg,52,7,174,130,orange
orange_10.jpg,139,5,275,149,orange
orange_11.jpg,1,171,532,676,orange
orange_12.jpg,159,45,520,336,orange
orange_13.jpg,24,11,253,235,orange
orange_14.jpg,23,33,272,265,orange
orange_15.jpg,155,99,411,329,orange
orange_15.jpg,24,1,239,187,orange
orange_15.jpg,401,47,600,297,orange
orange_15.jpg,205,25,417,209,orange
orange_15.jpg,302,272,566,398,orange
orange_16.jpg,4,71,366,398,orange
orange_17.jpg,140,300,489,668,orange
orange_17.jpg,389,337,818,688,orange
orange_17.jpg,621,277,965,620,orange
orange_17.jpg,365,61,805,419,orange
orange_18.jpg,11,5,291,306,orange
orange_19.jpg,58,137,267,358,orange
orange_19.jpg,260,99,465,351,orange
orange_19.jpg,136,1,355,171,orange
orange_2.jpg,87,137,325,415,orange
orange_2.jpg,347,127,603,398,orange
orange_20.jpg,68,305,947,1191,orange
orange_21.jpg,607,133,1030,540,orange
orange_21.jpg,1074,230,1458,657,orange
orange_21.jpg,1018,616,1498,1048,orange
orange_22.jpg,75,96,531,465,orange
orange_23.jpg,78,79,257,249,orange
orange_24.jpg,399,238,678,519,orange
orange_24.jpg,559,81,869,339,orange
orange_24.jpg,583,328,916,565,orange
orange_25.jpg,22,20,176,165,orange
orange_26.jpg,165,86,377,291,orange
orange_27.jpg,45,57,214,212,orange
orange_27.jpg,164,49,324,212,orange
orange_27.jpg,226,2,368,143,orange
orange_28.jpg,26,28,300,295,orange
orange_29.jpg,76,69,412,439,orange
orange_29.jpg,430,58,759,380,orange
orange_3.jpg,103,104,224,247,orange
orange_3.jpg,97,1,203,115,orange
orange_3.jpg,1,62,131,187,orange
orange_3.jpg,1,2,111,70,orange
orange_3.jpg,30,201,152,250,orange
orange_30.jpg,92,124,605,636,orange
orange_31.jpg,708,81,1253,598,orange
orange_32.jpg,50,98,248,289,orange
orange_32.jpg,214,75,383,248,orange
orange_33.jpg,61,36,526,492,orange
orange_34.jpg,415,282,1032,902,orange
orange_34.jpg,990,370,1578,974,orange
orange_35.jpg,5,39,253,295,orange
orange_36.jpg,706,257,1440,978,orange
orange_36.jpg,172,181,860,843,orange
orange_37.jpg,151,72,544,474,orange
orange_38.jpg,12,54,342,386,orange
orange_4.jpg,92,66,546,522,orange
orange_40.jpg,244,202,663,600,orange
orange_40.jpg,664,128,919,369,orange
orange_41.jpg,390,391,815,800,orange
orange_42.jpg,102,99,1969,1919,orange
orange_43.jpg,107,120,193,208,orange
orange_43.jpg,83,107,161,198,orange
orange_44.jpg,136,117,240,224,orange
orange_46.jpg,62,77,245,267,orange
orange_47.jpg,59,72,287,305,orange
orange_48.jpg,28,14,125,119,orange
orange_49.jpg,261,278,864,889,orange
orange_5.jpg,56,113,278,332,orange
orange_5.jpg,213,98,413,320,orange
orange_50.jpg,262,52,508,313,orange
orange_51.jpg,263,43,564,363,orange
orange_52.jpg,215,181,406,370,orange
orange_52.jpg,328,173,488,351,orange
orange_53.jpg,324,291,692,680,orange
orange_54.jpg,4,37,340,400,orange
orange_55.jpg,36,158,492,644,orange
orange_56.jpg,8,58,741,833,orange
orange_56.jpg,580,21,1273,753,orange
orange_57.jpg,124,57,335,253,orange
orange_57.jpg,77,296,286,514,orange
orange_57.jpg,254,376,466,575,orange
orange_57.jpg,189,461,391,631,orange
orange_58.jpg,38,1,345,299,orange
orange_59.jpg,2,94,203,299,orange
orange_6.jpg,71,18,258,220,orange
orange_60.jpg,175,368,1576,1759,orange
orange_61.jpg,163,294,1003,1130,orange
orange_62.jpg,56,73,314,321,orange
orange_62.jpg,357,35,656,334,orange
orange_63.jpg,1633,394,3098,1968,orange
orange_64.jpg,87,162,311,404,orange
orange_67.jpg,195,61,438,284,orange
orange_68.jpg,164,36,595,477,orange
orange_69.jpg,27,247,291,499,orange
orange_69.jpg,733,268,1004,535,orange
orange_69.jpg,543,213,796,440,orange
orange_69.jpg,283,247,517,455,orange
orange_7.jpg,26,69,604,581,orange
orange_70.jpg,368,109,706,470,orange
orange_70.jpg,58,69,410,432,orange
orange_8.jpg,42,86,282,330,orange
orange_8.jpg,291,81,545,348,orange
orange_9.jpg,35,96,268,315,orange