orange_5.jpg,orange,56,113,278,332
orange_5.jpg,orange,213,98,413,320
orange_42.jpg,orange,102,99,1969,1919
orange_40.jpg,orange,244,202,663,600
orange_40.jpg,orange,664,128,919,369
orange_41.jpg,orange,390,391,815,800
orange_37.jpg,orange,151,72,544,474
orange_36.jpg,orange,706,257,1440,978
orange_36.jpg,orange,172,181,860,843
orange_38.jpg,orange,12,54,342,386
orange_35.jpg,orange,5,39,253,295
orange_34.jpg,orange,415,282,1032,902
orange_34.jpg,orange,990,370,1578,974
orange_4.jpg,orange,92,66,546,522
orange_33.jpg,orange,61,36,526,492
orange_30.jpg,orange,92,124,605,636
orange_31.jpg,orange,708,81,1253,598
orange_32.jpg,orange,50,98,248,289
orange_32.jpg,orange,214,75,383,248
orange_3.jpg,orange,103,104,224,247
orange_3.jpg,orange,97,1,203,115
orange_3.jpg,orange,1,62,131,187
orange_3.jpg,orange,1,2,111,70
orange_3.jpg,orange,30,201,152,250
orange_23.jpg,orange,78,79,257,249
orange_25.jpg,orange,22,20,176,165
orange_21.jpg,orange,607,133,1030,540
orange_21.jpg,orange,1074,230,1458,657
orange_21.jpg,orange,1018,616,1498,1048
orange_26.jpg,orange,165,86,377,291
orange_22.jpg,orange,75,96,531,465
orange_24.jpg,orange,399,238,678,519
orange_24.jpg,orange,559,81,869,339
orange_24.jpg,orange,583,328,916,565
orange_29.jpg,orange,76,69,412,439
orange_29.jpg,orange,430,58,759,380
orange_28.jpg,orange,26,28,300,295
orange_27.jpg,orange,45,57,214,212
orange_27.jpg,orange,164,49,324,212
orange_27.jpg,orange,226,2,368,143
orange_20.jpg,orange,68,305,947,1191
orange_2.jpg,orange,87,137,325,415
orange_2.jpg,orange,347,127,603,398
orange_19.jpg,orange,58,137,267,358
orange_19.jpg,orange,260,99,465,351
orange_19.jpg,orange,136,1,355,171
orange_14.jpg,orange,23,33,272,265
orange_15.jpg,orange,155,99,411,329
orange_15.jpg,orange,24,1,239,187
orange_15.jpg,orange,401,47,600,297
orange_15.jpg,orange,205,25,417,209
orange_15.jpg,orange,302,272,566,398
orange_13.jpg,orange,24,11,253,235
orange_17.jpg,orange,140,300,489,668
orange_17.jpg,orange,389,337,818,688
orange_17.jpg,orange,621,277,965,620
orange_17.jpg,orange,365,61,805,419
orange_12.jpg,orange,159,45,520,336
orange_18.jpg,orange,11,5,291,306
orange_16.jpg,orange,4,71,366,398
orange_1.jpg,orange,88,123,225,282
orange_1.jpg,orange,79,48,215,187
orange_1.jpg,orange,422,118,554,263
orange_1.jpg,orange,447,53,596,183
orange_1.jpg,orange,315,75,458,219
orange_1.jpg,orange,240,127,391,269
orange_1.jpg,orange,176,32,309,158
orange_10.jpg,orange,52,7,174,130
orange_10.jpg,orange,139,5,275,149
orange_11.jpg,orange,1,171,532,676
orange_9.jpg,orange,35,96,268,315
orange_70.jpg,orange,368,109,706,470
orange_70.jpg,orange,58,69,410,432
orange_7.jpg,orange,26,69,604,581
orange_69.jpg,orange,27,247,291,499
orange_69.jpg,orange,733,268,1004,535
orange_69.jpg,orange,543,213,796,440
orange_69.jpg,orange,283,247,517,455
orange_67.jpg,orange,195,61,438,284
orange_8.jpg,orange,42,86,282,330
orange_8.jpg,orange,291,81,545,348
orange_68.jpg,orange,164,36,595,477
orange_63.jpg,orange,1633,394,3098,1968
orange_62.jpg,orange,56,73,314,321
orange_62.jpg,orange,357,35,656,334
orange_64.jpg,orange,87,162,311,404
orange_61.jpg,orange,163,294,1003,1130
orange_59.jpg,orange,2,94,203,299
orange_58.jpg,orange,38,1,345,299
orange_56.jpg,orange,8,58,741,833
orange_56.jpg,orange,580,21,1273,753
orange_60.jpg,orange,175,368,1576,1759
orange_57.jpg,orange,124,57,335,253
orange_57.jpg,orange,77,296,286,514
orange_57.jpg,orange,254,376,466,575
orange_57.jpg,orange,189,461,391,631
orange_6.jpg,orange,71,18,258,220
orange_53.jpg,orange,324,291,692,680
orange_54.jpg,orange,4,37,340,400
orange_55.jpg,orange,36,158,492,644
orange_52.jpg,orange,215,181,406,370
orange_52.jpg,orange,328,173,488,351
orange_44.jpg,orange,136,117,240,224
orange_46.jpg,orange,62,77,245,267
orange_48.jpg,orange,28,14,125,119
orange_43.jpg,orange,107,120,193,208
orange_43.jpg,orange,83,107,161,198
orange_49.jpg,orange,261,278,864,889
orange_47.jpg,orange,59,72,287,305
orange_51.jpg,orange,263,43,564,363
orange_50.jpg,orange,262,52,508,313